Name,TWD97_X,TWD97_Y,WGS84_longitude,WGS84_latitude
Point 1,309490,2769146,121.589493,25.029242
Point 2,309181,2768790,121.586416,25.026041